{
    "loss": 7.696198463439941,
    "accuracy": 0.501960813999176
}