{
    "loss": 21.43551254272461,
    "accuracy": 0.49245283007621765
}