{
    "loss": 6.347402572631836,
    "accuracy": 0.5156862735748291
}